/scratch365/ptinsley/results-truncation-sg3-chips/truncation-0.8-seed4747.png,"[[ 0.39675093  0.72553307  0.9912513   1.5959002   1.2459277  -0.10707988
   1.2446066  -0.21108744  0.2509198  -0.3468983   1.5725044  -1.624758
   0.34084433 -2.0374968  -0.43729228 -0.3655014   1.1939055  -0.42655647
   0.59064865 -0.77267313  0.10297352  0.10555205 -0.82758427 -1.4730012
   0.904075    1.0932225   0.99664724 -0.13325058  0.56599015 -1.5214493
   0.26820272 -0.7318594  -1.249736   -1.0629531   2.0515254  -0.1985583
  -0.18033585  1.3220679   1.3616923  -0.7524518   0.20582712 -0.59255594
   0.15646282 -1.0526756   0.39933553  1.0251613   0.07385681 -1.2149719
  -1.2549447  -0.28200147  1.2354325  -0.8531685  -0.8639106  -0.13104384
  -0.06782202 -1.1330985   0.77977395 -0.21544325  0.9443712   0.56083727
  -1.014256    0.6022474   0.810132    0.70250416  0.28007492 -0.54340214
   0.29925203 -0.80186445 -1.0957547   0.37818283  1.4266939   1.1193324
   0.64153457 -1.0446901   0.8070529   0.78041923 -0.6079443   1.3953305
  -0.98548955  1.2616717   0.5299407   0.8499725   0.34477273  1.0663465
  -0.11487799  1.0123687  -0.21425581 -0.09907699  1.0425692  -0.7756024
  -0.6321711   0.53406125 -0.33705765 -0.86646986  0.02068581  0.3540586
   1.2801646   0.33173695  0.23423861  0.8204033  -0.570236   -1.1476424
  -0.52938336 -1.0284331   0.16852991  1.1821421   0.38914406  0.7135631
   0.10892354  0.42576587  0.84641117 -0.44563392 -0.7407338  -0.80452394
  -0.69126093 -1.2056539   0.84931755  0.06205318 -0.10922424 -0.11388469
   0.17010094 -0.20100947  0.2009054   0.02932413  0.4337844   0.74539644
   0.08749814  0.6582468   0.9766443  -0.07273396 -0.36319748 -0.56410456
  -0.93121684  0.12638204  0.97363365 -0.92394364  0.13461047 -0.12592731
   0.55675024  0.08467872 -0.5398613   0.96550685 -0.14516144 -0.15037605
   0.17313085  0.3723325  -1.0467061  -1.5979284  -0.3517889  -1.1192071
   0.37129363 -1.4396067  -0.46601877  0.3378591  -0.187338    1.6861755
   0.65533304  0.10602839  0.0995323   0.34725857  0.9640574   0.18668798
  -1.7424879   0.5242683  -0.48572     0.51884806  1.3096844  -0.53713346
  -0.48653454  0.5924032  -0.23225479 -0.5040489  -0.42226166  0.00879574
  -1.9159279  -0.6118201   0.8565401   0.27169222  0.39020333  0.31989133
  -0.29993397 -0.03573092 -0.4267104   1.3212937   1.5885359   1.7515014
  -0.36739847  0.5158608  -1.2357227   0.40769657 -0.20092855  0.02744722
  -0.77759963 -0.43975958 -0.8130396   0.3710984  -0.00825549 -1.0425956
  -1.1271837  -0.59107065 -1.4009919   1.0022184   0.33979     0.56542957
  -0.80299103 -1.8334067   0.13214807  0.33583888  0.8618561  -0.09567681
   1.4218162  -1.2414819   0.7840565   0.97618395  0.5511639   0.10000503
  -0.26733643  2.2321856  -0.2643738   1.4124372   1.2672185  -0.38185564
  -0.7710883  -0.01036203  0.5657236  -0.19848098  0.9575432  -0.5687536
   1.5618573   0.7431517  -0.62341076  0.19354624 -0.49616018  0.95798415
   1.0604272  -0.39735097 -0.67967594 -1.1544982  -0.29382172 -0.6599227
  -0.00514001  0.51843077  0.1464393   0.39440215  0.13575765  0.4542049
   1.2876781  -0.6453295   0.49625584  1.8443681  -0.8309448   0.75711685
   1.1347512  -0.51446915  1.8178269   0.6382679   0.28650907  0.62615055
  -0.21364005 -0.19149989 -0.47467405  0.47815663  0.6508606  -0.18080975
  -1.7743477  -0.63393575 -0.62855285  1.0883723   0.55666226 -0.29411873
   0.0514853   0.06449358  2.172282    0.263049    0.32735184  1.0720208
  -0.24025023  0.3818155   0.25204086 -1.4901804   1.8557813  -0.4181256
  -0.4824007  -0.5282169   0.31252462 -0.49247628 -0.416061   -0.7104585
   0.5435931   1.0168514  -0.21380289 -0.84325564 -0.2597967   0.1481076
   0.04395503 -0.39632785  0.2832881   0.8133443  -0.33811843  1.7574347
  -0.0065326  -0.53211963  0.29254034  0.7019307  -1.579894    0.89119905
  -1.6075157  -0.89733565  1.4246652  -0.37054124  0.7510441   0.41225767
   1.2410375   0.33952457 -0.5460034  -0.51382697 -0.8354138  -0.1464589
  -1.3759476  -0.1450376  -0.46730906  0.18897194 -0.8631116   1.1844609
  -1.4331163  -1.1626222   0.75622344  0.1221275   1.328201    0.06551687
  -0.7675093  -0.0531218  -0.8360574   0.27576575 -0.773536    0.1863013
   0.56949586  0.15501095 -0.02957027  0.01629095 -0.58622986  0.41749653
  -0.74373317  0.30208814 -0.3042515   0.708581    1.2610097  -0.77444243
  -0.75414735  1.3304732   0.3433111  -1.3551353  -1.0870895  -1.2623398
  -1.4046258  -0.6164299  -0.9701816  -1.5341518  -0.6344948  -0.08740759
   0.5737587  -0.3646002  -0.7478694   0.21212132  0.40354848 -1.4499027
  -0.9333524   1.0907165   0.40992248  0.03118362  0.43691635 -0.9654261
   0.07719504 -0.1542828   0.84339464 -0.8082732   1.1131847   0.3767414
   1.0549663   0.779572    0.5089852   1.0766183  -0.17114492  0.170072
   0.22548687 -0.34309837  1.2595804  -1.0872393  -0.5408066  -0.07750102
  -0.01760005 -0.25832778  0.95852524  1.0822809   0.05432054 -0.4221666
  -0.1274455   0.29684502 -0.885845    2.4727273  -0.532016    0.41608945
   0.34628257  0.8061761  -0.82726    -1.9962033   1.3602856   0.2537107
  -1.1196674  -1.0800927   0.2581173   0.7129566   0.6309626   0.74306583
  -0.7895502  -0.15035209 -0.5229273   1.0918206   1.289333    1.1094111
  -0.33189967 -1.0079917  -0.22721869 -0.73913085 -0.3969775   0.27042484
  -0.21939051  0.43893644  1.4730493   0.84649706 -0.50947034 -1.5266321
   0.7939511   0.82853985 -0.09987863  0.14030823 -1.6264088   0.3516902
   0.35623795 -0.12446383 -1.6057283  -0.28281552  0.28324553 -1.0909125
  -0.13675468  0.64674294 -0.8282799   0.22639117 -0.0904005  -0.7295338
  -0.32461023  0.3256493  -0.73940396 -0.38022074 -1.1303638   0.25676814
   1.4483594   0.07392869  1.4451321  -0.11987825  0.6962264   1.6706305
  -0.8795554  -0.04898521  1.2486993   0.5132585   0.14445248 -0.25608873
  -0.2524854  -1.0889969   0.14611112 -0.04333678  0.02097556  0.3274877
   0.45871228 -2.4432297   0.6138304  -0.15574323 -0.80299306  0.23346557
  -0.37896654  0.16480973 -0.11065573  0.57020736  0.6808378  -0.8580662
   0.97047096 -0.55030066  0.91630286 -0.8077836   0.98849857 -0.40381718
  -0.36520183 -0.79274446 -0.47513175 -0.38250157 -0.02154637 -1.0975529
   0.9166662   0.25865433 -0.5324171   0.23771124 -1.7847638  -0.14329553
  -0.5507957  -0.5841469   0.06343485 -0.6927616  -0.9811392   0.4641633
  -0.868013    0.33372363]]"
/scratch365/ptinsley/results-truncation-sg3-chips/truncation-0.6-seed5141.png,"[[-0.4804874   1.5031307  -0.16592579 -0.0435554  -0.41266713 -0.6185778
  -0.43644676  1.1728048  -0.93701637  1.0938932   0.31934935 -0.03890317
  -0.48801568 -0.9452573  -0.2458186  -0.2575832  -0.03969261 -0.1198124
   0.09671165 -0.11891655  0.19073382 -0.04452132  0.17628995  0.41840285
   0.09428312 -0.19061613 -1.3454111   0.06907902  0.38547188  0.8803888
   1.1137168  -0.7376299   0.5529021   0.12097783 -0.4543973  -1.3012266
  -0.24762376  0.09377729  0.1180332   0.4771027   0.6692804  -1.446843
  -0.05434575  0.2737791   0.6757553  -0.62914014  0.41648465 -0.08851486
   0.6575863   0.9811408   0.70443314  1.1689266   0.18197876 -0.03200869
   0.35381395  0.70435405  0.63392854 -0.144443    0.42685044  0.2812394
   0.7776579   1.9330528   0.3406458   1.2401255  -1.1061662  -1.0817174
   0.9367282   0.48549542 -0.5551869  -0.43016034 -1.2833717  -0.23980236
  -0.13761425 -0.782826    0.7110765  -0.18747807  0.575945    1.5414253
   0.4603217   0.6683448  -0.9897814  -0.748048    0.05034781  0.6630345
   0.11030164  0.57031024  0.48794156  1.239219   -0.93073034 -0.44750375
  -0.7465218  -0.20418014  0.96042746 -1.0624169  -0.33023962  0.3477765
   0.27939427 -0.40326428 -1.018168    0.28305942  1.3042527  -0.16612802
  -0.7669596  -0.37243795  0.25612473  0.36989474 -0.28228337  0.372102
   0.19952121 -0.20684886  0.3262155  -1.4606254  -1.0457438   0.8969443
  -0.99209297 -1.0499417  -0.8558796  -1.0230397  -1.204267   -0.09542822
   0.90139174 -1.612251    0.67842543 -1.3088632  -0.22353879 -0.6161069
  -0.10861953  0.40261406 -0.01819801  0.8565152   0.45573157 -0.42959732
  -0.28971043 -1.3102881  -1.0066913  -0.10973143 -0.6006954   1.0262727
  -1.8152621   0.01168005  0.07996248 -1.5212414   1.1800764  -0.8317331
   1.7334702   1.123552    0.07743183  1.0987842   0.68813944  0.61033505
  -0.14943361  0.58230084  1.399259   -0.86435205 -0.30605862 -0.269185
   1.0199558  -0.29704282 -0.5944694   0.19123648  0.7742267   0.41390884
  -0.07133441  1.1898366  -0.84483564 -0.27524352  1.5159361   2.2328434
   0.4909634   1.004377    0.16968006 -0.0355029   0.353981    1.254568
  -1.077475    0.6717241  -0.6267784  -0.67120165 -0.00286663  0.16351762
   0.43892673 -0.23845355 -1.0663338   0.32060948 -0.616999   -1.3583406
   0.51143676 -0.38333085  0.0880687  -0.29587838 -0.74155957 -1.0801784
  -0.39248592 -0.01113306 -0.76282156 -0.44909975  0.28179884 -0.09713531
  -0.1472932  -0.21653809  0.83497065  1.5060431   1.3631195  -0.94968945
   0.32657635  1.4105872   0.5920214   2.0962179  -0.6401226   0.1362207
  -1.2591299   1.179549   -1.9288917  -0.5781918  -0.7575383   1.3232806
  -0.03460345  0.02077932 -0.19409837 -0.7464304   0.6989602   0.74197114
   0.43626603 -0.15292816  1.639232    0.9007701   1.127209   -2.1025069
   0.44470438 -0.06426796 -1.246109   -0.718916    0.63080925  0.09544849
  -0.8732097   1.2737107   0.8710046  -1.6896051  -1.240702    0.30202398
  -0.04673282  0.9460463   0.6556732  -0.21872169  1.1414274  -1.4217701
  -0.20484401 -0.9768236  -1.7638404   0.29792365 -1.554254   -0.03105323
  -0.8898371   0.0781622   0.9520944  -0.6899759   0.800582   -2.2558079
  -0.14179203 -0.75938135 -1.1226062   0.81527144  0.3126076   1.4429791
   1.4152684  -0.10262357 -1.2002151  -0.19675153 -0.8023134   0.26887354
  -0.2502382  -0.51043296 -0.5282641  -0.5590825   0.20454967  1.0983222
   0.09208123  1.0886662   1.0197693   0.24635728  0.34847814 -0.78351593
  -1.4123808   0.39397648  0.37690955  0.3500464  -0.8947336   0.11991788
  -1.1198108   0.03804929 -0.41890553 -0.7478511  -0.22472577 -0.93949604
   0.2784974   0.46906677  0.48902684  0.918841    0.58924896 -1.6424967
   0.4549129   0.6936574   1.8602396   1.5877535  -1.6508669  -0.42504364
  -0.42021468  1.1042835  -1.2983373  -0.34256986  0.21520896  0.7133307
  -0.7995815  -0.09142005 -1.8704933   0.9436052   0.7291291   0.71140534
  -0.29740396 -1.1174471  -0.4322677   0.90843767 -0.06834455  0.09599634
   0.8131843  -0.4487098   0.65674555 -0.6175431  -0.6501466   0.7091708
  -0.6585509  -0.15801013  0.42984807  0.6656198   1.2830347  -0.2504058
   0.87855285 -0.0167788   1.1549519  -0.05734627 -0.7324435  -1.0677719
   0.37191164  0.66088736 -0.816766   -0.4386033   1.076715   -1.057879
  -0.05671228  0.8231805   0.7465078  -0.2542791   1.1928294  -0.8723724
  -0.5572872   0.67346394 -0.41377008  0.19424032  0.7369388   0.1572249
  -1.0035833   0.47958133 -1.0333285   0.13300662 -1.7773765  -0.34394628
  -0.08117414 -0.53018576 -0.6699174  -0.5135079  -0.71439385  0.5555386
   0.87433666 -0.8216156   0.17829587  1.6380885  -0.6623214   0.5537796
  -0.38011253 -0.52572376  0.08973102 -0.03548727  0.7768185   0.36502475
  -0.42893717  0.10877485 -0.71767545 -0.81465954  0.49742243  0.86093235
   0.770987    0.23029132  0.13304931  0.71197784  0.5842992   0.34571764
  -0.45482567  0.83125544  1.7678989  -0.551365   -0.07717804 -0.58687514
  -0.26687697 -0.46068358 -0.6052882  -0.0168052   0.7190931   1.0985522
   0.36647376 -1.2341787  -0.33129334  0.13050759  0.3888057   0.18082441
  -0.01451901  0.3431799  -1.6657573  -0.7864326   1.2335215   0.3918699
   0.2909547   0.3147519   0.64688015 -0.9822649   0.39696154 -0.6817948
  -1.2777807   0.6995081   0.5070814  -0.7478019  -0.49485675 -0.0503743
  -0.28620267  0.77017885 -1.5359997  -0.95279306  0.4008825  -1.4080474
   0.1524003   0.6385066  -0.48394683  0.14978293 -1.1918061   1.0334349
   1.2554506  -0.47725657  0.13220914  1.3283055  -0.08928949  0.5936761
   0.50602305 -0.3100075   0.13674277 -0.99327195  0.3126667  -1.0696
   0.28723717 -1.1269507   0.15716882  0.597824    0.94080395  0.15676008
   0.94502544 -0.39973098 -1.3403444  -0.67891747  0.5664504  -0.43153888
  -0.03374127  0.9293353  -0.24999478 -0.99726284 -1.4700586   0.3527751
  -0.39263675  1.0076039  -0.8653749   0.03884957 -0.06370208 -1.1603113
   1.8334814  -0.50338006  1.4561214   0.7498163  -0.04205643  0.5055611
  -1.4630423  -1.2036285  -0.9674803   1.4624727   0.15481915  0.3023684
   0.5019048  -0.24162431 -0.8411139  -0.3584163   0.20785482  0.23431651
  -0.25181934  0.08589309 -0.5260087  -0.08439791  0.6538617   1.1215119
  -0.6759237   0.85117006  0.34320244  0.4561042   0.29142258  0.4269355
  -0.56879663 -2.073717  ]]"
/scratch365/ptinsley/results-truncation-sg3-chips/truncation-0.7-seed5136.png,"[[-8.23425293e-01  1.42962253e+00  9.03370023e-01 -6.23242199e-01
  -7.49722421e-01 -6.18747890e-01  1.45223534e+00 -4.78766784e-02
  -9.52692568e-01  4.99766976e-01 -4.32082683e-01 -1.26593769e+00
  -4.88141358e-01 -8.40589225e-01  1.43847436e-01 -3.92992228e-01
   2.29394734e-01  9.91825461e-01  2.41060749e-01 -1.33786991e-01
   1.00403190e+00  8.01025569e-01  8.94492149e-01 -8.94552171e-02
   3.34625155e-01 -3.52295756e-01 -4.42950204e-02 -6.33043408e-01
   1.67179787e+00  4.61395890e-01  9.74147841e-02 -1.30159426e+00
   1.85234576e-01  1.04092550e+00  7.57064164e-01 -7.94368088e-02
   1.27635872e+00  9.48247254e-01  8.67792487e-01  6.80270612e-01
   2.73580790e-01  5.77002466e-01  1.24789917e+00  4.19784486e-01
  -4.34576422e-01  6.77813828e-01  2.90050924e-01  3.84868801e-01
  -2.19375730e+00 -1.33474730e-02 -1.85231581e-01 -5.42313218e-01
   2.46520087e-01 -1.19498324e+00  3.84342551e-01 -9.41273630e-01
   7.08646297e-01 -2.46478729e-02 -9.48303461e-01  8.34211171e-01
   1.20141697e+00  6.45630896e-01 -1.05349243e+00  6.59541547e-01
  -7.07919598e-01 -3.87704104e-01 -6.72330797e-01 -9.16557848e-01
   6.73216403e-01 -2.69799203e-01 -2.51963645e-01 -2.22482011e-01
  -1.82883382e-01 -8.47620249e-01  1.85073525e-01  2.74393052e-01
  -2.62522787e-01  1.88151509e-01 -8.28364417e-02 -9.59872842e-01
  -1.88689411e+00  2.10426116e+00 -9.38555539e-01  7.45640993e-01
   1.60808355e-01 -1.18314993e+00  6.29978657e-01  4.48882908e-01
  -8.60567272e-01  1.50385892e+00  2.54271358e-01  9.12877321e-01
   6.55621067e-02 -2.34454617e-01 -3.86377782e-01 -1.01946378e-02
   5.65193474e-01 -9.30521131e-01  3.67149711e-01 -5.72926462e-01
   2.67766213e+00 -2.51422435e-01 -1.42640412e+00  1.72163236e+00
  -6.54733539e-01 -1.62149584e+00 -1.98262408e-02  9.46063042e-01
   1.80858052e+00  1.82886332e-01 -7.45981336e-01  3.96077067e-01
  -1.88041225e-01  3.79790813e-01  2.89179444e-01  6.80769324e-01
  -1.03756428e+00  2.55372703e-01 -8.43458951e-01 -4.11495745e-01
   5.42348146e-01  9.82822239e-01 -1.18822443e+00 -1.35852027e+00
  -1.19924963e-01 -4.61646877e-02 -1.84785113e-01  3.21959227e-01
   4.98339176e-01  8.66189003e-01  4.97590512e-01 -8.93032193e-01
  -1.23425174e+00 -7.11001635e-01  1.03585708e+00  5.06047547e-01
   2.42743477e-01  1.56548810e+00  4.13126796e-02  1.00067280e-01
  -7.23402441e-01 -1.67763203e-01 -1.39929712e+00  6.22749269e-01
   8.27335835e-01 -4.74106044e-01 -1.78194478e-01  6.74804986e-01
   1.49320853e+00  8.04345667e-01 -1.05068290e+00  9.47918057e-01
  -1.29092419e+00 -4.71039742e-01 -4.10459816e-01  8.39220047e-01
   3.78977478e-01  4.04559374e-01  3.72291803e-01 -7.87988842e-01
   2.05899429e+00 -3.72113772e-02 -2.38349289e-01  1.15407690e-01
  -1.31028342e+00 -2.47343164e-03  1.15432119e+00  4.20688093e-01
   1.17097497e+00 -1.15012050e+00  3.80062729e-01 -9.22121823e-01
  -2.99468011e-01  7.41496205e-01 -1.19742727e+00 -6.36690199e-01
  -5.43540381e-02 -4.72935170e-01 -3.75435874e-02  2.08447027e+00
   1.21689880e+00  9.47281063e-01 -1.82758904e+00  3.62326771e-01
  -3.55729520e-01  2.55704582e-01  2.22871900e+00 -1.19477522e+00
   1.04854357e+00  3.71003002e-01 -1.64810085e+00  2.19079286e-01
  -1.89874724e-01  1.45194918e-01 -1.05795491e+00  6.45835638e-01
   2.62889177e-01 -1.11842871e+00  1.02180386e+00 -1.85344648e+00
  -1.53490052e-01 -1.61211699e-01  4.97042626e-01  5.12322672e-02
   3.96103561e-02  1.58872163e+00  1.15620220e+00  1.77471912e+00
  -3.45894814e-01  2.08773851e-01 -2.35360295e-01 -6.21920466e-01
   1.19313562e+00  4.54798967e-01  1.52344331e-01 -1.78405926e-01
  -1.19169283e+00 -1.31603301e-01 -2.36626104e-01  3.90511639e-02
   4.69938993e-01 -2.60963857e-01  3.53632532e-02  2.57060230e-01
   1.86734855e-01 -1.35845006e+00 -1.32397488e-01  1.16819310e+00
   9.26581681e-01  2.23217440e+00  1.42013475e-01 -7.06958115e-01
  -1.42219901e+00  6.36699855e-01 -6.89455330e-01 -1.19791567e+00
   5.52109122e-01 -4.90287602e-01 -6.52074814e-02  7.02893913e-01
  -1.74077702e+00 -9.97049138e-02  2.01625064e-01  1.27363217e+00
  -2.91180164e-01 -6.07294381e-01  1.07315230e+00 -1.98132098e-01
  -1.75131083e+00 -5.38712978e-01 -1.35589552e+00  3.20244990e-02
  -1.04843640e+00 -1.11342239e+00  1.84755528e+00 -2.16394156e-01
   1.69413507e-01  6.31330907e-01 -4.45842087e-01  3.49491313e-02
  -1.21103203e+00 -1.99065530e+00 -3.20089847e-01  3.58799100e-01
   1.27420795e+00  3.84109885e-01 -1.13899124e+00  1.19144976e+00
  -1.72754264e+00 -3.74980509e-01  5.62508963e-02  3.15823287e-01
   3.46661776e-01  8.77160430e-01  3.59969407e-01 -1.02742136e+00
  -1.04847693e+00 -6.11394979e-02 -3.29979323e-02  1.27367571e-01
   7.02906132e-01  7.09621608e-01 -1.18870340e-01  3.86866450e-01
  -4.64888632e-01 -6.96001291e-01 -2.84829050e-01 -1.06444347e+00
  -6.71369374e-01  1.82393646e+00 -5.74627340e-01  2.86248982e-01
  -6.22521602e-02 -1.54093266e+00  1.10669065e+00 -2.36896262e-01
   4.49438691e-01  3.73868376e-01 -1.34002554e+00  3.73309046e-01
   7.53362238e-01  5.71635425e-01 -1.53317511e-01 -4.45631817e-02
  -3.58132608e-02 -3.34378749e-01  1.39452004e+00 -2.05877289e-01
  -2.08291367e-01  1.63746178e+00  9.64551866e-01 -2.53511012e-01
  -3.34508014e+00 -1.15525043e+00  5.24262249e-01  1.69893336e+00
  -5.58783472e-01  2.52944261e-01  7.28523731e-01  1.20764188e-01
   1.26607394e+00 -1.34387389e-01  4.12204951e-01 -8.44638824e-01
   2.80132115e-01 -4.01036352e-01 -3.55702579e-01  6.36168122e-01
  -1.36036301e+00  5.18345952e-01  3.77489552e-02  1.07456970e+00
  -4.47180748e-01  4.26269084e-01  4.08593386e-01  3.24077249e-01
  -1.44611621e+00 -1.10824394e+00  8.70842561e-02  6.85516655e-01
  -1.72328699e+00  8.12595859e-02 -1.28391588e+00  1.05656183e+00
   1.91075790e+00  1.03997135e+00 -1.49993777e+00 -9.17954743e-01
   1.04750538e+00 -8.84233192e-02 -1.38991550e-01 -1.30610013e+00
   4.42343861e-01 -7.89812684e-01 -1.10430762e-01  2.55290890e+00
  -8.79836917e-01  4.00169522e-01  3.19118261e-01  6.02566898e-01
  -3.17986310e-01 -3.14100027e-01 -2.22393200e-01 -3.36991459e-01
  -1.18673050e+00  6.14037991e-01  5.45666516e-01 -8.37320030e-01
  -1.02710593e+00 -9.10496593e-01 -9.72177088e-01  1.62703469e-01
  -9.62600052e-01 -4.72040087e-01 -7.88149655e-01  6.44382415e-03
  -1.00105083e+00 -8.38273525e-01 -4.57461655e-01 -2.34785229e-01
   2.37119332e-01 -5.86325109e-01  5.62811911e-01  4.32030588e-01
  -8.74146342e-01  6.32089317e-01 -2.40909532e-01 -6.32638454e-01
   5.93417346e-01 -3.83075148e-01 -3.39277774e-01 -6.06087804e-01
   4.31081414e-01 -8.86366144e-02  5.71987629e-01  1.07909441e-01
   4.36836272e-01  8.92785490e-01 -1.76563704e+00 -9.75577772e-01
  -2.04039097e+00  7.65389681e-01 -5.47731578e-01 -1.13566585e-01
  -3.80887657e-01  1.14601862e+00 -4.20046479e-01 -6.06446207e-01
   9.27098989e-01 -3.04612964e-01  4.92282331e-01  5.41809388e-02
  -1.75426349e-01 -8.93079862e-02  1.24367523e+00 -3.87076467e-01
   3.43197167e-01 -3.54147613e-01  2.16769248e-01 -2.68858433e-01
   5.38163483e-01 -1.87341332e+00  3.77996981e-01  9.66148853e-01
   6.80227354e-02  2.84377992e-01  1.42758155e+00  7.10415184e-01
   1.03479815e+00 -1.64344704e+00 -8.93595576e-01 -5.17272830e-01
   8.75454962e-01 -2.92235523e-01 -1.02225649e+00 -9.89337087e-01
   1.08002627e+00  2.24000707e-01  8.08695078e-01  5.77847719e-01
  -1.18025444e-01 -8.99506509e-01 -1.27579534e+00 -6.70984268e-01
   1.43119216e+00 -2.53562659e-01 -6.24213755e-01  1.08281446e+00
  -4.07574683e-01 -6.40769422e-01 -6.50265932e-01  3.35828632e-01
   4.27651793e-01  3.48824471e-01  1.46031126e-01 -6.95531726e-01
   2.39119008e-01 -4.05422688e-01  1.49863589e+00  3.99950475e-01
  -1.31541717e+00 -5.00819087e-03 -1.22238711e-01  6.07223585e-02
  -9.61029708e-01 -4.85355973e-01 -7.77404010e-01 -1.70527577e+00
   1.79381907e+00 -8.28427196e-01 -1.19063032e+00 -1.57812166e+00
  -6.50245488e-01 -1.87430605e-01 -5.87372243e-01  1.69736087e+00
  -5.68436742e-01 -8.27163935e-01  2.26018786e-01 -9.19315279e-01
   8.95968556e-01 -6.37960792e-01  4.65452373e-01  3.57413709e-01
  -6.22200429e-01 -3.47734004e-01 -3.82681042e-01  6.27362490e-01
  -3.27973723e-01 -5.65556705e-01  1.56386530e+00 -9.69833493e-01
   5.78773856e-01  1.15938112e-01  4.40690696e-01  2.76337951e-01
   6.20003104e-01  6.44077003e-01  8.88101220e-01 -5.97892940e-01
  -4.73256916e-01 -1.24536812e-01  7.66348541e-01  1.87696517e+00
   1.33726642e-01 -1.32636535e+00 -9.77032363e-01  2.26336384e+00
  -6.19730651e-01 -4.86551374e-01 -7.30248988e-01  6.05149567e-02]]"
/scratch365/ptinsley/results-truncation-sg3-chips/truncation-0.9-seed4840.png,"[[-0.11071479  1.2122598   0.12154222  0.22812809  0.08943539 -2.0233924
   0.6641291   0.30608258 -0.07636757 -0.573889    0.7010868   0.6295749
  -1.3677107  -1.2061614  -0.5190698  -0.22295327  0.00666105  0.14014636
  -0.4166962  -1.7127458  -0.31018776  0.60643035  1.3786242  -0.10966135
  -1.8763448  -0.32568398 -0.4349246   0.4325485  -0.43262407  0.52300346
   1.3834636  -0.37977877 -0.01428211  0.19171062 -0.4864404  -0.4867699
   0.21990731  0.35631236 -0.13248494 -0.19708    -0.08021585  0.9989209
   1.2911721   0.15276366  0.8622349  -0.15134215 -1.8808523  -1.0356449
   0.06611941 -1.37571     1.0321103   0.26307076  0.10421387 -1.5195091
  -0.24801607 -0.71159625  0.27659336 -0.33160627  1.1194015   0.60109437
  -1.0738057  -0.4333326  -0.63468945 -0.5021804   0.6392362  -1.6883968
   0.5902646   0.78038025 -1.3094841  -0.3122361  -1.2422395   1.0683388
  -0.4098755  -0.64066625  0.17490801  1.4195915  -1.8811784   0.8086942
  -1.1556808  -2.1566882  -1.5824432  -0.11054198 -0.573322    0.9875877
   0.8931998  -1.0721033   0.7188546   1.3579702   0.43464085  0.57475305
  -0.26249376 -0.3960257   0.20711714  0.560901   -2.084722   -0.48384565
  -0.6621433   0.7934801   0.01750983 -0.17957798  0.97558343 -1.119871
  -0.17671587  1.063427   -0.67261547  0.5221987   0.00971231  0.52832246
   1.2419753   0.25874606  2.0200431   1.3312116   0.66212755 -0.654021
  -0.5603546  -0.29399654 -0.24513794 -0.50067544 -1.2114589  -0.9853337
  -0.39000618  1.0737019  -1.6194227  -0.54042727  1.5105702   0.3906199
  -0.73863465  0.13751918 -2.0317216   0.99639106 -0.16162556 -0.44918317
  -0.7867438  -0.06652356  1.5064415   0.51771945  1.7546115   0.97250086
   0.14906196 -0.5493376  -1.6709982  -0.6997704  -0.9327302  -0.14100738
   0.7823822  -1.4047912  -0.61127836  1.1434705   0.6785801   0.35949358
  -0.9355266   0.8458898  -1.4934169   0.9457142   0.5369882   0.27385607
  -1.0642474   0.7369581   0.02940144  0.07902847 -0.39421505  0.50071603
   0.135356    1.2464993  -0.41291144  1.5199261   0.16429557  1.359113
  -0.2746338  -0.6219427   0.16923216 -1.5383338  -1.1869081   0.5902251
  -0.8471463  -0.90115356  0.68615186 -0.04556303 -1.1317295   0.1291366
   2.2142842  -0.23064013  0.71804154 -0.29989085  1.5162077   0.19871815
   0.52128386 -0.24819219  1.2790037  -0.6046767  -0.7093072   0.5046487
  -1.1865389  -0.19258171  1.0387211  -0.00527448  1.8657163   0.2541467
   1.3532785  -0.25470227  0.2231741  -1.125305   -0.35831112  0.22245331
   0.24986748  0.65760696 -1.1430275   0.4544903   0.5194699  -0.12700114
  -0.49078983 -0.1833177  -0.64420164  0.19497874  0.05368184  0.03816944
   0.29077592  1.4708891  -0.5371776  -0.07631467 -1.9942901  -0.78013885
   0.23755305  0.43739256  0.21409316 -0.6474506   1.9199954   0.7874697
  -0.87949413  1.6251705  -0.29224303 -0.8343364  -2.0406651  -1.0411078
  -0.0468787   0.2552649  -0.90851724 -1.2446029  -1.3161215  -0.06212512
  -0.13588722  0.34957284  1.3779358   1.2751298  -0.12621793  1.195877
  -0.42239246  0.71985286 -0.73288834 -1.0923516  -1.2672372  -1.0010803
  -0.27138022 -0.7617526  -0.40326238 -0.49128824  1.0106895  -0.06793786
   0.78220445 -0.29478332 -1.8329844  -0.19752333  0.49407482 -0.06452023
   1.4249339   0.518219    0.47343966 -0.34965226 -1.4829895   1.5250994
  -1.4021502   1.7320497   1.6625978   0.38619742 -0.9744193   0.6281004
  -0.4085002   0.0472464   0.71859854  0.73842704  1.1949872  -1.0871624
   0.13493124  1.1383364  -1.2649367   1.7687767  -1.9132977   0.925388
  -1.2060957   1.146042   -0.23649204 -0.29289597  0.44878268 -0.10679106
   0.01058142  0.41188234  1.1450833   1.6427182  -0.30379626  1.1783105
  -1.2977772   0.26609048 -0.6672801  -0.08965185 -0.9568938   0.50338084
  -0.07642134 -0.9341865  -0.08880254  0.90556043  1.3885882  -0.20531037
   1.3564655  -0.11103705  0.36061397 -0.12128366 -0.08312953  0.22260348
   0.01372536 -0.51239    -0.84345186  0.25482407 -0.14094739 -1.4921695
   1.6380347  -0.11875253 -1.2980756   0.25796756  0.06681294 -0.19531432
   0.6470834   1.1994067  -0.16581322 -1.6750196  -1.3523724   0.04940787
   0.8564203   0.212263    0.5673652  -0.6920026   0.3865005  -2.02977
   0.76140296  0.20429629  0.553241    0.24876802 -0.48231348 -1.693726
  -0.7002825   0.71757615  0.79399616 -0.81516075  0.2038654  -0.94375545
  -0.01949298 -0.15521339 -0.966703   -0.19896093  1.344638    0.12835035
   0.77566504  0.75349206 -1.0263948  -0.21877667  0.2737745   0.66409224
   0.31140956  0.15144807 -0.2093999   0.1186532  -0.31204757  0.12185149
   0.06612534  0.22494243 -0.43488067 -0.9333845   0.3287362   0.8090716
  -0.11193907  1.1959546  -0.577876    0.03584975 -0.44490328 -0.5872519
  -0.63547176  0.2664954  -0.48652488 -2.0777328  -0.5337023   0.19762138
   0.1084418  -0.2830021   0.7878116   0.0272911   0.1543216  -0.14197177
  -0.41534704  0.0858727   0.2464232  -1.1407988  -0.5376183   1.7642545
  -0.92164904 -1.0585866  -1.0442094  -1.7055882   0.69042    -0.5194132
   0.35000703  0.11307364 -0.4155248  -1.2772757  -0.33102903 -0.1770712
   0.818172    0.14452575 -1.0007138   0.2716112   0.4695807  -1.0076376
  -0.8812093  -0.41492528  0.48043248  0.4173971   0.20154902  0.4953212
  -1.7659208   0.6858353  -0.19696856 -0.32042378 -0.43544218 -0.75374985
  -1.8788941   0.5187652  -0.9608151  -0.39992917  0.76976746 -0.0260304
   1.2689767  -0.11908305  0.3444711   1.2036012  -0.51973414 -0.69052416
   0.5790764  -0.48871824 -1.1000408  -1.4268714  -0.41115007  0.8059542
  -0.07291319  0.9490888   0.13477586  0.77430207  0.16552393 -1.5646181
  -1.0578344   0.44655466  1.480099    0.42036918  0.05111449  0.05156758
   0.6700116   0.11508717 -0.1288549  -1.322512   -0.85140675 -1.4950593
   1.599032   -0.63832647 -0.5359061  -1.0333169  -1.1752139  -0.17133547
   0.84976083  0.6056261  -0.41561058 -0.6530508   0.5577731  -1.764934
   0.8652824   1.3050027   0.6189111  -0.6086685   0.51492655  0.27285746
   0.01819653 -0.5850484   0.33724445  1.0361651   0.32834005  1.2286631
  -0.05062135  0.22219358  0.3094608   0.49580184  0.5606225   0.45936874
  -0.03058545 -1.4453068  -0.5580801  -0.20639616 -0.28153527 -0.21279061
   1.0878128   1.3261977  -0.09247068  2.0563962   0.9685935  -0.25744924
   0.01731048  0.9823202 ]]"
/scratch365/ptinsley/results-truncation-sg3-chips/truncation-1.0-seed5072.png,"[[-2.02469707e+00  9.66687143e-01 -4.45903033e-01 -1.80678949e-01
  -1.15442026e+00 -1.79510069e+00  1.11581765e-01 -9.65711534e-01
   9.85549152e-01 -1.71381938e+00  6.30193949e-01  5.62616348e-01
  -3.76211882e-01  4.14486341e-02  9.43090320e-01  3.85129005e-01
  -1.18596828e+00  1.48718417e-01 -1.18015361e+00 -4.84520584e-01
   7.88575560e-02  8.90806079e-01 -9.70525920e-01  1.87119877e+00
   5.36660671e-01 -1.29025474e-01 -2.73975044e-01  1.00686610e+00
  -4.39010859e-01  4.50922430e-01 -3.68521586e-02  1.43327368e-02
  -2.12811217e-01 -2.07901061e-01  3.86126935e-01 -5.08295119e-01
  -1.55524206e+00 -4.45091158e-01 -7.40758300e-01  1.93795577e-01
   2.03602266e+00 -1.90097451e+00  1.92719948e+00  7.87193477e-01
   5.71444035e-01 -4.20886219e-01 -9.58283901e-01 -1.02088332e+00
  -1.21651435e+00 -5.24124444e-01  1.08676052e+00 -1.49028802e+00
   3.19027215e-01 -9.52677786e-01 -1.12556899e+00 -1.33389696e-01
   2.69965917e-01  1.73508179e+00  1.30332565e+00 -7.66455114e-01
  -4.55254018e-01  5.29719174e-01  5.51861882e-01  7.34530032e-01
  -2.15164685e+00  1.17624271e+00 -1.34728682e+00 -1.59751880e+00
  -8.48548770e-01  8.32397521e-01  1.21105051e+00  1.34685352e-01
  -4.50121671e-01  1.87983310e+00  8.68389428e-01  1.14376390e+00
  -1.88454151e+00 -2.08543777e-01 -8.85436893e-01 -1.36455983e-01
  -2.38384515e-01  1.19752264e+00 -1.29198015e-01 -3.02907020e-01
   6.05546057e-01  1.10417575e-01  6.32063091e-01  2.15368390e+00
  -2.50138164e-01  1.73054412e-01 -1.18955657e-01  2.63983154e+00
  -2.14808440e+00  5.89426160e-01 -6.89179480e-01 -9.45286334e-01
  -5.88042855e-01 -6.37727320e-01  4.91750598e-01 -3.53015572e-01
   1.02910328e+00 -9.67002213e-01  3.27054828e-01  4.80258822e-01
   1.24967146e+00  1.16430119e-01 -4.74550575e-01 -2.68546995e-02
  -1.11268759e+00 -2.48490065e-01  2.36661807e-01  3.62402588e-01
   4.28301021e-02  1.70838797e+00  1.24907017e+00  2.49635354e-01
   2.04675317e-01  2.99972486e+00 -2.69602448e-01 -9.92975712e-01
   1.90203798e+00 -1.13625157e+00 -4.06947136e-01  8.17431808e-01
   7.10535705e-01  5.90349674e-01 -9.04195964e-01 -1.68339944e+00
  -1.31169581e+00  1.37576962e+00  5.01588657e-02 -2.32678905e-01
  -1.56463695e+00  3.24751467e-01 -3.42626005e-01  1.10011542e+00
   3.77518952e-01  3.06631505e-01 -6.03948891e-01 -1.73639119e+00
   1.42200023e-01 -8.68937254e-01  5.95484257e-01 -1.98828137e+00
   1.06201613e+00 -7.70433426e-01 -6.22381628e-01 -5.59096456e-01
   1.22617686e+00 -1.75038779e+00 -1.44855693e-01  1.98032796e+00
   2.65401095e-01 -2.82544404e-01 -1.05830097e+00 -1.10853994e+00
   2.89405733e-01  4.52396363e-01  1.12371099e+00  2.15321049e-01
   1.59857884e-01  3.15852493e-01 -2.81812429e-01  5.29717028e-01
  -7.06856012e-01 -6.06216311e-01  1.57704175e+00 -1.01865387e+00
  -1.48632002e+00  1.35063782e-01  8.40061426e-01  1.45859703e-01
   1.73255479e+00 -3.58232379e-01 -1.55384517e+00 -1.23400009e+00
   2.12037116e-02 -1.38233948e+00 -1.25957832e-01  3.24345261e-01
   1.46465600e+00  9.30612445e-01 -5.28195143e-01 -7.15354025e-01
  -1.24303293e+00  3.58611256e-01  1.34572446e+00  9.97962654e-01
   5.71878135e-01 -1.29006290e+00  4.79587108e-01  2.95348614e-01
   5.74259341e-01  1.90335244e-01 -9.66769218e-01  6.75742090e-01
  -2.84552550e+00 -8.31546605e-01  7.35163212e-01 -5.38520753e-01
   8.04920554e-01  8.99501368e-02  1.17470479e+00  5.91610074e-01
   6.81477636e-02 -1.15641266e-01 -1.22541225e+00  2.21905208e+00
   1.97449289e-02  1.23171881e-01 -1.95622039e+00  2.29812190e-01
  -5.00501990e-01 -1.39640138e-01  8.95802453e-02  1.18284214e+00
  -4.34392720e-01  1.24562316e-01  7.16144323e-01 -7.84215510e-01
  -2.69779414e-01  6.85781017e-02 -8.82787049e-01  2.58109897e-01
  -2.44120182e-03 -1.81698829e-01 -3.72729778e-01 -4.39920694e-01
   4.28356141e-01 -5.86633049e-02  8.13285708e-01  3.57107580e-01
  -1.06807494e+00 -6.95000291e-01 -8.51569593e-01  2.23467684e+00
   1.98080194e+00  7.60932565e-01 -9.72466290e-01 -1.18335414e+00
  -1.05978036e+00 -1.35989010e-01 -1.23125064e+00  2.98584193e-01
   1.50614583e+00  1.37779486e+00  7.45864391e-01  6.51511908e-01
  -2.17295957e+00 -7.15108335e-01 -5.34393668e-01  4.83324170e-01
  -1.67282760e-01  1.03438091e+00 -6.64760768e-01 -9.54982460e-01
   7.31422752e-02 -2.15018034e+00  3.33066761e-01 -1.08771777e+00
  -1.85726687e-01 -8.03863630e-03  8.47575188e-01 -1.66528225e-01
  -4.76071499e-02  5.91898203e-01  2.73170233e-01 -5.24338067e-01
  -5.43364048e-01  6.22870505e-01 -1.35532045e+00  1.72751188e+00
  -1.77579932e-02  8.11364532e-01 -5.94705760e-01 -7.97862351e-01
  -1.00735199e+00  2.96428561e-01 -7.48611033e-01  1.01860905e+00
  -1.00700009e+00 -1.90711796e-01 -1.36586881e+00 -8.26212466e-01
  -2.55360460e+00  4.82681364e-01  2.04615697e-01  1.11737728e+00
   6.69103324e-01  1.37865162e+00 -8.96469355e-01 -2.24667907e-01
  -9.02572572e-01 -1.46919751e+00 -4.75196093e-01 -5.46674907e-01
  -1.59176201e-01  1.03134501e+00 -1.02679181e+00  8.37002099e-01
  -9.19410512e-02  1.73976326e+00 -1.63715494e+00  1.07969105e+00
  -1.30230892e+00  3.59596801e-03  1.50547594e-01  3.97281438e-01
   6.63268089e-01  3.60159129e-01 -1.55395401e+00  2.70904851e+00
  -5.80513358e-01 -5.49592793e-01  3.14939082e-01  5.53139389e-01
  -1.68509161e+00 -9.50584769e-01  5.83960891e-01 -1.05640852e+00
   1.75250840e+00 -6.31755412e-01  3.79132420e-01 -1.41280150e+00
   1.92131355e-01  1.66002691e+00 -1.95707762e+00  2.93985993e-01
   3.69938940e-01  1.02473879e+00  4.18566167e-02  5.19005179e-01
  -1.16765440e+00  1.40323746e+00  1.05930471e+00  1.04783916e+00
  -9.92036521e-01  7.60918021e-01  6.24531686e-01  1.34830141e+00
  -2.97516286e-01 -5.85412979e-01  1.17091143e+00 -9.88441348e-01
   1.03066826e+00  9.93685424e-01  2.52496064e-01  1.73719943e-01
  -2.78038681e-01  5.98917454e-02  2.98803854e+00 -2.02157497e+00
  -7.32681632e-01 -1.62342799e+00  1.48367655e+00  1.11536562e+00
  -1.30397463e+00 -7.50931084e-01  8.57823193e-01 -7.62676358e-01
   1.92244256e+00  1.28382134e+00 -1.54553318e+00 -1.30015016e+00
  -5.44075668e-01  8.17980587e-01  9.85594571e-01 -7.91554868e-01
  -2.26204252e+00  7.15639070e-02  1.11577976e+00  7.93774843e-01
  -1.19711578e-01 -1.79975235e+00 -1.78799853e-01 -9.42056894e-01
   4.22779649e-01 -1.09142911e+00  2.37039208e-01 -2.04208061e-01
  -7.10012242e-02 -1.53197169e-01 -8.17596138e-01 -3.02572310e-01
   5.08661389e-01 -2.12248588e+00 -1.49110526e-01 -1.17410496e-01
  -2.57763833e-01  1.87076688e+00 -7.97128260e-01 -3.34720999e-01
  -1.02382696e+00 -9.22765862e-03  7.47129560e-01  8.17617416e-01
   7.81692088e-01  2.33536625e+00 -7.29120493e-01  1.59291077e+00
   1.27944946e-01 -2.73856074e-01 -8.98943841e-01  5.18315017e-01
  -5.65556251e-02  9.10485744e-01  1.33694708e+00 -3.32631826e-01
   4.66370791e-01 -7.31557533e-02 -1.69214261e+00 -2.47533903e-01
  -1.43383639e-02 -6.76013052e-01 -1.53516734e+00 -3.70858550e-01
  -7.73621723e-02 -4.94221784e-02  1.72634006e+00 -3.16831887e-01
   4.57796901e-01 -2.12117290e+00  1.92533299e-01 -2.23160043e-01
  -1.36701381e+00 -4.50411201e-01 -7.56697476e-01 -1.02322996e+00
   2.40144324e+00 -4.61352706e-01 -1.04756415e+00  6.65425539e-01
   7.95517385e-01  1.28683555e+00 -2.84990728e-01 -1.05237889e+00
   5.30152261e-01 -1.09589911e+00 -2.08193272e-01 -5.35978794e-01
  -9.07432973e-01  1.07843637e+00 -6.62910700e-01  1.33104885e+00
   1.00163198e+00 -1.76513481e+00 -7.22670257e-01  1.03926229e+00
  -2.54157037e-01  7.79503167e-01 -2.67381430e+00  1.32966220e+00
  -7.26293623e-01  5.10480106e-01  4.23896760e-01 -3.92153323e-01
   2.67004222e-01 -6.51808918e-01 -1.31110466e+00 -1.53629851e+00
  -6.37193859e-01  7.86129296e-01 -5.91911316e-01 -3.60864609e-01
  -1.00185430e+00 -4.23564136e-01 -1.37905252e+00 -3.70695293e-01
   1.45879471e+00  8.20487678e-01 -2.42827594e-01  8.60211492e-01
   5.09460092e-01  1.11945438e+00  2.93752134e-01  8.99489045e-01
   1.32622691e-02  2.05502939e+00  3.60604465e-01 -1.11020720e+00
   8.59339386e-02 -1.05562997e+00  1.55542576e+00  1.44834802e-01
   4.56913292e-01 -2.46850148e-01  8.04622054e-01  4.64703530e-01
  -8.62222910e-01 -5.53529084e-01  1.50283134e+00  2.50241327e+00
   8.11702967e-01 -9.48266745e-01  4.56828803e-01  1.10700989e+00
   6.70859694e-01  1.28033555e+00  9.57665563e-01 -7.30700791e-01
   2.01740488e-02 -3.24919522e-01 -2.98715413e-01 -4.09890488e-02
  -3.68072063e-01 -1.33994901e+00  2.84117609e-01  2.73342371e-01
  -7.94294834e-01  6.70666277e-01 -7.39065766e-01  6.71776354e-01]]"
